Track name, Artist name, Album, Playlist name, Type
ripsquad - alone,,,Musiques 2021,Playlist track
Bladee - Merry Go Round x jun13rs,,,Musiques 2021,Playlist track
#waitt2 ripsquad @cclusi,,,Musiques 2021,Playlist track
Purity Ring - Fireshrine,,,Musiques 2021,Playlist track
BLADEE - OXYGEN,,,Musiques 2021,Playlist track
The Silent Boy Cries (Ripsquadd Outro)REMADE+EXTENDED,,,Musiques 2021,Playlist track
TDIM ^ Bladee - Apple edit,,,Musiques 2021,Playlist track
Bladee - SK1N ( K9999 edit ),,,Musiques 2021,Playlist track
syris- tranced uP + sylene xo [prod harmless],,,Musiques 2021,Playlist track
bladee & Ecco2K - Girls Just Want To Have Fun . mp4,,,Musiques 2021,Playlist track
Yung Lean ft. Bladee - Plastic Boy,,,Musiques 2021,Playlist track
MOH BARETTA - #TINADX2 INTRO PROD EVILGIANE,,,Musiques 2021,Playlist track
MOH BARETTA - AFFIRMATIONS PROD EVILGIANE,,,Musiques 2021,Playlist track
MOH BARETTA - BADGUY SOL PROD EVILGIANE,,,Musiques 2021,Playlist track
MOH BARETTA - NO RULES PROD EVILGIANE,,,Musiques 2021,Playlist track
MOH BARETTA - HOTLINE PROD EVILGIANE,,,Musiques 2021,Playlist track
MOH BARETTA - RADIO LOVE RAGE INTERLUDE PROD TOMMYTOHOTTY,,,Musiques 2021,Playlist track
MOH BARETTA - HEAVEN IS BETTER PROD EVILGIANE,,,Musiques 2021,Playlist track
MOH BARETTA - INTERMSSION: LOCKED & LOADED PROD EVILGIANE,,,Musiques 2021,Playlist track
Miku's night call,,,Musiques 2021,Playlist track
ratrace- manhattan meat district freestyle,,,Musiques 2021,Playlist track
Uli K & Mechatok - Cold,,,Musiques 2021,Playlist track
hotel in minsk - jl96,,,Musiques 2021,Playlist track
HOME - Resonance III,,,Musiques 2021,Playlist track
Tokyo Ghoul ED1 Full Seijatachi  People In The Box,,,Musiques 2021,Playlist track
04. b e g o t t e n - (invisible),,,Musiques 2021,Playlist track
01. b e g o t t e n - (vast),,,Musiques 2021,Playlist track
Miku's bizarre love triangle,,,Musiques 2021,Playlist track
Edward Artemiev - Meditation (Stalker Movie Soundtrack) 1979!,,,Musiques 2021,Playlist track
Running in the 90's Vaporwave (vocal version) - sytricka,,,Musiques 2021,Playlist track
(Cheezmixx) Acid Souljah - Super Cool,,,Musiques 2021,Playlist track
Mi Ami - Hard Up (Official Video),,,Musiques 2021,Playlist track
Nintendo Switch OLED Model | Trailer Music (With Lyrics),,,Musiques 2021,Playlist track
"Mura Masa, Clairo - I Don’t Think I Can Do This Again (Official Video)",,,Musiques 2021,Playlist track
Porter Robinson - Something Comforting w/ Pentagon - Heal w/ Sad Machine (Secret Sky Intro Mashup),,,Musiques 2021,Playlist track
girl in red - . (official audio),,,Musiques 2021,Playlist track
bladee - Thee 9 Is Up (Official Audio),,,Musiques 2021,Playlist track
h3artcrush ~ travl the wrld slowed + reverb,,,Musiques 2021,Playlist track
balloon tower defence//Marjories W.C Sinclair ft.diamondsonmydick & Hi-C LYRICS,,,Musiques 2021,Playlist track
h3artcrush - Freshman Boyfriend,,,Musiques 2021,Playlist track
4 morant (better luck next time) - doja cat,,,Musiques 2021,Playlist track
bladee + ECCO2K + Thaiboy Digital - The Void,,,Musiques 2021,Playlist track
ECCO2K + Thaiboy Digital + bladee - Western Union,,,Musiques 2021,Playlist track
mao zedong propaganda music Red Sun in the Sky,,,Musiques 2021,Playlist track
bladee + ECCO2K - Acid Rain,,,Musiques 2021,Playlist track
ECCO2K + Thaiboy Digital ft. Yung Lean - 1:1,,,Musiques 2021,Playlist track
Thaiboy Digital + bladee + ECCO2K - Waterfall,,,Musiques 2021,Playlist track
bladee + Thaiboy Digital + ECCO2K - Victim (Official Video),,,Musiques 2021,Playlist track
ECCO2K + bladee + Thaiboy Digital - You Lose,,,Musiques 2021,Playlist track
"A$AP Rocky - A$AP Forever REMIX (Official Audio) ft. Moby, T.I., Kid Cudi",,,Musiques 2021,Playlist track
Light Grips -  Fahkeet Shock,,,Musiques 2021,Playlist track
08. Sadboy Sheldon - MC Ride Theme (Death Grips X Hotline Miami),,,Musiques 2021,Playlist track
07. Sadboy Sheldon - No Roller Mobster (Death Grips X Hotline Miami),,,Musiques 2021,Playlist track
05. Sadboy Sheldon - Lord Of The Dust (Death Grips X Hotline Miami),,,Musiques 2021,Playlist track
01. Sadboy Sheldon - Escape From The Bottomless Pit (Death Grips X Hotline Miami),,,Musiques 2021,Playlist track
Takyon Mobster (Death Grips x Hotline Miami),,,Musiques 2021,Playlist track
Berserk soundtrack - 5 Murder,,,Musiques 2021,Playlist track
Berserk soundtrack - 1 Behelit,,,Musiques 2021,Playlist track
white minoritarian strategy,,,Musiques 2021,Playlist track
Secondary Index,,,Musiques 2021,Playlist track
Phoebe Bridgers - Two-Headed Boy (Part 2) [Neutral Milk Hotel cover] (Live on 2 Meter Sessions),,,Musiques 2021,Playlist track
Salut c'est cool - Ces sentiments,,,Musiques 2021,Playlist track
Remorse (OST Version) - Hotline Miami 2: Wrong Number,,,Musiques 2021,Playlist track
Final Fantasy IX - Disc 2 - 09 Ukelele de Chocobo,,,Musiques 2021,Playlist track
Final Fantasy IX - Disc 2 - 04 Song of Memories,,,Musiques 2021,Playlist track
Final Fantasy IX - Disc 1 - 09 Jesters of the Moon,,,Musiques 2021,Playlist track
Final Fantasy IX - Disc 1 - 06 Feel My Blade,,,Musiques 2021,Playlist track
Legend of mana - Title theme - [Synthesia] Piano cover,,,Musiques 2021,Playlist track
Shawn Wasabi - Marble Soda (Original Song),,,Musiques 2021,Playlist track
Final Fantasy VI Piano Collections - Mystic Forest,,,Musiques 2021,Playlist track
"teen suicide - ""eveything is fine"" (Official Audio)",,,Musiques 2021,Playlist track
Hotline Miami Soundtrack OST   Turf Main,,,Musiques 2021,Playlist track
Calling To The Night - MGS,,,Musiques 2021,Playlist track
"surrenderdorothy - sometimes,idon'tunderstand",,,Musiques 2021,Playlist track
(Bones) surrenderdorothy - funnyhowthatworks,,,Musiques 2021,Playlist track
Metal Gear OST - 03 -!- RED ALERT,,,Musiques 2021,Playlist track
antoine allo - jsuis le last,,,Musiques 2021,Playlist track
A Single Man (Soundtrack) - 15 Swimming,,,Musiques 2021,Playlist track
Lil Peep x Boy Froot FT. WillowWitch-With You Till The End(Prod. By Mista Ouija),,,Musiques 2021,Playlist track
ratrace - in da cornfield h3artcrush REMIX [2020],,,Musiques 2021,Playlist track
A Single Man (Soundtrack) - 04 Becoming George,,,Musiques 2021,Playlist track
ratrace - coked up bulimia freestyle (lyrics),,,Musiques 2021,Playlist track
Le Diable Probablement X JULIETTA- Levitate,,,Musiques 2021,Playlist track
"Komm, Süsser Tod (cyberpunk/synthwave 80s) feat. Marina Rios",,,Musiques 2021,Playlist track
Vance Joy - 'Riptide' Official Video,,,Musiques 2021,Playlist track
Phineas And Ferb - Theme Song Lyrics (HQ),,,Musiques 2021,Playlist track
Minigame - Parasail (The Legend of Zelda: Breath of the Wild OST),,,Musiques 2021,Playlist track
[BOFU2017/Muse Dash] Lilith Ambivalence Lovers - ikaruga_nex FULL,,,Musiques 2021,Playlist track
Telepathic Teddy Bear - Emotion As Weapon,,,Musiques 2021,Playlist track
Telepathic Teddy Bear - The Churches,,,Musiques 2021,Playlist track
Telepathic Teddy Bear - Leave It All,,,Musiques 2021,Playlist track
Borrtex - abnormis (Official Audio),,,Musiques 2021,Playlist track
Disposax,,,Musiques 2021,Playlist track
Silent Hill 2 OST - Fermata In Mistic Air,,,Musiques 2021,Playlist track
"GY!BE - She Dreamt She Was a Bulldozer, She Dreamt She Was Alone in an Empty Field",,,Musiques 2021,Playlist track
"Godspeed You! Black Emperor - Broken Windows, Lock of Love Part III",,,Musiques 2021,Playlist track
Godspeed You! Black Emperor - Monheim (HD),,,Musiques 2021,Playlist track
Adolf Hitler - Viva La Vida (Literally Hitler Edition),,,Musiques 2021,Playlist track
Sewerslvt - inlove,,,Musiques 2021,Playlist track
Call of Juarez Gunslinger Loadingscreen Soundtrack,,,Musiques 2021,Playlist track
11 - Actress in Time Layers (Millennium Actress),,,Musiques 2021,Playlist track
7 - Prince of Key (Millennium Actress),,,Musiques 2021,Playlist track
UN SUICIDE FRANÇAIS - TOUJOURS OP,,,Musiques 2021,Playlist track
D12 - Rap Game Featuring 50 Cent (Uncut),,,Musiques 2021,Playlist track
Life Is Strange Soundtrack - Kids Will Be Skeletons By Mogwai,,,Musiques 2021,Playlist track
Life Is Strange Soundtrack - To All Of You By Syd Matters,,,Musiques 2021,Playlist track
J'ai plus d'ennemis que Gainsbourg,,,Musiques 2021,Playlist track
Fla.mingo - VIRTUAL AQUARIUM / Teen Dream,,,Musiques 2021,Playlist track
memowies,,,Musiques 2021,Playlist track
Astrophysics - Call Of The Night ft. MINTTT,,,Musiques 2021,Playlist track
Bach Air on G String - ETHEREAL REMIX,,,Musiques 2021,Playlist track
Gerry (2002)- Trailer,,,Musiques 2021,Playlist track
Kentucky Route Zero Soundtrack - This World Is Not My Home,,,Musiques 2021,Playlist track
Kentucky Route Zero Soundtrack - Too Late to Love You,,,Musiques 2021,Playlist track
BLACKPINK - 'Lovesick Girls' M/V,,,Musiques 2021,Playlist track
HOME - Joy Division Shirt,,,Musiques 2021,Playlist track
Vagrant Story (DISC 2) / 24 - Truth,,,Musiques 2021,Playlist track
Vagrant Story (DISC 2) / 07 - Joshua,,,Musiques 2021,Playlist track
S.T.A.L.K.E.R.-He was a good stalker (longer version),,,Musiques 2021,Playlist track
Luke - Des marchandises (Audio),,,Musiques 2021,Playlist track
"[FREE] Pop Punk x Punk Rock MGK x Iann Dior Type Beat ""Unlucky"" (Prod. IOF x King Theta)",,,Musiques 2021,Playlist track
"YOASOBI ""Racing into the Night""  Official Music Video",,,Musiques 2021,Playlist track
Serph - Citrus,,,Musiques 2021,Playlist track
Serph - Skylapse (Official Audio),,,Musiques 2021,Playlist track
Evangelion 3.0+1.0 - Theme Song Full One Last Kiss by Hikaru Utada,,,Musiques 2021,Playlist track
Kagamine Rin - Lost One no Goukoku (The Lost One's Weeping) French Sub + romaji,,,Musiques 2021,Playlist track
Maya's Theme  Atlus Tsuchiya Version,,,Musiques 2021,Playlist track
gigi masin - tears of a clown,,,Musiques 2021,Playlist track
Treehouse - Alex G ft. Emily Yacina - long version (lyrics),,,Musiques 2021,Playlist track
OH SHIT I'M FEELING IT,,,Musiques 2021,Playlist track
antoine allo - lache,,,Musiques 2021,Playlist track
antoine allo - normie,,,Musiques 2021,Playlist track
Valiant Hearts | War Makes Men Mad | Lorenzo Zani,,,Musiques 2021,Playlist track
Valiant Hearts: The Great War Soundtrack - Main Menu Theme,,,Musiques 2021,Playlist track
"Valiant Hearts - Official Soundtrack - ""Broken Wings""",,,Musiques 2021,Playlist track
Tales Of Zestiria - Zaveid Theme,,,Musiques 2021,Playlist track
Hirasawa Susumu - Run,,,Musiques 2021,Playlist track
Sewerslvt - Was It Weird I Listened To Im God By Clams Casino's When I Lost My Virginity (reupload),,,Musiques 2021,Playlist track
[Daft Punk] Touch-If Love is The Answer You're Home,,,Musiques 2021,Playlist track
VGM #188: WORLD 1 (Super Mario 3D World) Synth-Pop Cover,,,Musiques 2021,Playlist track
"NEW SLAVES, SAME OLD MISTAKES (Kanye West & Tame Impala)",,,Musiques 2021,Playlist track
Travis Scott feat. Pusha T & Kanye West - FRANCHISE,,,Musiques 2021,Playlist track
Kendrick Lamar & Kanye West - MAAD WORLD,,,Musiques 2021,Playlist track
UPLIFT SPICE - Omega Rhythm (HQ),,,Musiques 2021,Playlist track
Dans la Maison Theme Soundtrack - Philippe Rombi (HD 1080P),,,Musiques 2021,Playlist track
Kaiji OP - Mirai wa Bokura no Te no Naka [HD],,,Musiques 2021,Playlist track
Big Iron (synthwave/80s remix) by Astrophysics,,,Musiques 2021,Playlist track
LISA: The Painful OST - The Sacrifice,,,Musiques 2021,Playlist track
LISA: The Painful OST - Pebble Man,,,Musiques 2021,Playlist track
LISA: The Painful OST - Vroom Vroom,,,Musiques 2021,Playlist track
LISA: The Painful OST - Goodbye Baby,,,Musiques 2021,Playlist track
LISA: The Painful OST - Salvation!,,,Musiques 2021,Playlist track
LISA: The Painful OST - The Highway King,,,Musiques 2021,Playlist track
LISA: The Painful OST - Burning Sunset,,,Musiques 2021,Playlist track
LISA: The Painful OST - All Hail The Fishmen,,,Musiques 2021,Playlist track
Deadly Premonition OST- Life is Beautiful,,,Musiques 2021,Playlist track
The Passenger 1975 - Last Scene,,,Musiques 2021,Playlist track
Photosynthesi & Starforce - Ultrablue,,,Musiques 2021,Playlist track
Malo Mart - The Legend of Zelda: Twilight Princess,,,Musiques 2021,Playlist track
V Limo (New Donk Shitty) - Katana ZERO (Gamerip),,,Musiques 2021,Playlist track
Chen Goes Fishing - Digitally Remastered,,,Musiques 2021,Playlist track
Metal Gear Solid 4 OST -  Enclosure,,,Musiques 2021,Playlist track
Berserk soundtrack - Silver Fins - Waiting So Long (full song),,,Musiques 2021,Playlist track
BEASTARS Season 2 OP (Clean) | Kaibutsu - YOASOBI | Netflix Anime,,,Musiques 2021,Playlist track
Berserk: Ending HD 720p,,,Musiques 2021,Playlist track
A Long Time: The Six Years,,,Musiques 2021,Playlist track
"ASIAN KUNG-FU GENERATION - Soredewa, Mata Ashita (Video Clip)",,,Musiques 2021,Playlist track
Naruto classic OP 3 - Kanashimi Wo Yasashisa Ni (Video),,,Musiques 2021,Playlist track
Kaito Shoma - Hotline.DEATH WISH,,,Musiques 2021,Playlist track
Gotye - WokeUpLikeThis,,,Musiques 2021,Playlist track
Scrooge's Office - DuckTales Remastered [OST],,,Musiques 2021,Playlist track
Mount Vesuvius - DuckTales Remastered [OST],,,Musiques 2021,Playlist track